ts_utc,crypto,price_usd,mktcap_usd,volume_24h_usd,pct_change_1h,pct_change_24h,source,fetched_at_utc
2026-01-02T17:00:00Z,BTC,90443.0,1807070879669.2544,46737715905.21525,,2.504025283878817,coingecko,2026-01-02T17:49:24Z
2026-01-02T17:00:00Z,ETH,3122.95,377433337196.3156,23852466020.408577,,4.497577172974636,coingecko,2026-01-02T17:49:24Z
2026-01-02T17:00:00Z,BNB,885.8,122027714979.95209,1457498479.0684657,,3.147919411234125,coingecko,2026-01-02T17:49:24Z
2026-01-02T18:00:00Z,BTC,90267.0,1803856149263.5647,47087968769.10064,,2.5680813819378456,coingecko,2026-01-02T18:29:51Z
2026-01-02T18:00:00Z,ETH,3121.97,377054226140.309,23966254191.48889,,4.66273252650086,coingecko,2026-01-02T18:29:51Z
2026-01-02T18:00:00Z,BNB,885.65,122118113277.72476,1492746849.123217,,3.1983593141830635,coingecko,2026-01-02T18:29:51Z
2026-01-02T19:00:00Z,BTC,89877.0,1792880739095.2644,49092815144.82169,,2.1709756778910103,coingecko,2026-01-02T19:14:19Z
2026-01-02T19:00:00Z,ETH,3116.24,375433968144.568,25059623485.65396,,4.450702302065455,coingecko,2026-01-02T19:14:19Z
2026-01-02T19:00:00Z,BNB,881.29,121275848782.169,1545870742.1189196,,2.626648912617206,coingecko,2026-01-02T19:14:19Z
2026-01-02T20:00:00Z,BTC,89962.0,1794450416670.4226,50270090736.918,,1.9762206821623995,coingecko,2026-01-02T20:22:33Z
2026-01-02T20:00:00Z,ETH,3124.36,376575855245.66254,25392564485.967487,,4.549774114569644,coingecko,2026-01-02T20:22:33Z
2026-01-02T20:00:00Z,BNB,881.49,121431393163.19136,1573774075.4070623,,2.5239321678149174,coingecko,2026-01-02T20:22:33Z
2026-01-02T21:00:00Z,BTC,89772.0,1792292231509.2664,50879665673.3028,,1.7653190065402342,coingecko,2026-01-02T21:16:16Z
2026-01-02T21:00:00Z,ETH,3118.59,376485027113.3673,25568881115.46958,,4.3803987736569,coingecko,2026-01-02T21:16:16Z
2026-01-02T21:00:00Z,BNB,879.29,121067344098.82632,1430260993.0398004,,2.103828783327653,coingecko,2026-01-02T21:16:16Z
2026-01-02T22:00:00Z,BTC,90117.0,1800759186718.3655,51913107799.59788,,1.9794058816387825,coingecko,2026-01-02T22:20:36Z
2026-01-02T22:00:00Z,ETH,3135.47,378220842384.32855,26292385977.439064,,4.990010145575563,coingecko,2026-01-02T22:20:36Z
2026-01-02T22:00:00Z,BNB,883.15,121604739948.06767,1622409415.1124191,,2.6008333760623423,coingecko,2026-01-02T22:20:36Z
2026-01-02T23:00:00Z,BTC,89896.0,1795251644442.3467,50732477836.08523,,1.3166305115116672,coingecko,2026-01-02T23:53:30Z
2026-01-02T23:00:00Z,ETH,3120.85,376770956000.1568,26170887170.89667,,4.013908161462333,coingecko,2026-01-02T23:53:30Z
2026-01-02T23:00:00Z,BNB,880.53,121322839458.69112,1659786777.5278137,,2.031828204985493,coingecko,2026-01-02T23:53:30Z
2026-01-03T03:00:00Z,BTC,90208.0,1801961521833.548,50157100640.34116,,1.6645653671356484,coingecko,2026-01-03T03:22:23Z
2026-01-03T03:00:00Z,ETH,3122.12,376963059901.5946,25677312738.591022,,3.773000187499599,coingecko,2026-01-03T03:22:23Z
2026-01-03T03:00:00Z,BNB,877.79,120903030317.82108,1725595300.1620388,,1.6957972656643463,coingecko,2026-01-03T03:22:23Z
2026-01-03T04:00:00Z,BTC,90219.0,1802422444150.428,49052406123.09848,,1.7305626756929242,coingecko,2026-01-03T04:32:43Z
2026-01-03T04:00:00Z,ETH,3119.87,376597545360.317,24587937214.1076,,3.5509482211659,coingecko,2026-01-03T04:32:43Z
2026-01-03T04:00:00Z,BNB,878.96,121056168899.74216,1699514445.702851,,1.801263995082689,coingecko,2026-01-03T04:32:43Z
2026-01-03T05:00:00Z,BTC,90024.0,1799961253168.2195,49569609896.336266,,1.6359273952959288,coingecko,2026-01-03T05:21:19Z
2026-01-03T05:00:00Z,ETH,3112.17,376227982889.3248,24743773420.91451,,3.3481971167719893,coingecko,2026-01-03T05:21:19Z
2026-01-03T05:00:00Z,BNB,877.5,121019002756.5202,1738204198.854498,,1.5892449585853052,coingecko,2026-01-03T05:21:19Z
2026-01-03T06:00:00Z,BTC,89943.0,1797910498810.266,49145984892.9996,,1.3321621577500684,coingecko,2026-01-03T06:31:22Z
2026-01-03T06:00:00Z,ETH,3107.05,375563749712.5268,25952917871.85513,,2.968574726813588,coingecko,2026-01-03T06:31:22Z
2026-01-03T06:00:00Z,BNB,875.75,120662028576.43668,1732439380.440825,,1.18927584032774,coingecko,2026-01-03T06:31:22Z
2026-01-03T07:00:00Z,BTC,89687.0,1794812779661.7764,49899982218.214615,,0.9035096996001418,coingecko,2026-01-03T07:19:38Z
2026-01-03T07:00:00Z,ETH,3089.12,374055160974.36224,25038998617.97789,,2.1026783400321465,coingecko,2026-01-03T07:19:38Z
2026-01-03T07:00:00Z,BNB,871.74,120468910537.66522,1773962697.0488942,,0.7379347257148211,coingecko,2026-01-03T07:19:38Z
2026-01-03T08:00:00Z,BTC,89582.0,1787920799531.4597,50129197974.22104,,0.6704813268132775,coingecko,2026-01-03T08:27:16Z
2026-01-03T08:00:00Z,ETH,3094.62,373274459207.6812,25478589666.161068,,2.3557617925423364,coingecko,2026-01-03T08:27:16Z
2026-01-03T08:00:00Z,BNB,872.29,120142065543.57022,1731463620.2369788,,0.651587539897453,coingecko,2026-01-03T08:27:16Z
2026-01-03T09:00:00Z,BTC,89643.0,1789948137816.9204,49570856387.40325,,0.6031104565178368,coingecko,2026-01-03T09:20:44Z
2026-01-03T09:00:00Z,ETH,3093.07,373282424653.761,24997090197.113503,,1.9051170694560435,coingecko,2026-01-03T09:20:44Z
2026-01-03T09:00:00Z,BNB,873.66,120332227761.89912,1738087641.464426,,0.6868279861449875,coingecko,2026-01-03T09:20:44Z
2026-01-03T10:00:00Z,BTC,89701.0,1791188189050.955,47624957074.96175,,-0.0405213313684938,coingecko,2026-01-03T10:20:45Z
2026-01-03T10:00:00Z,ETH,3097.98,373870531654.4284,23850552747.183,,1.311168799905173,coingecko,2026-01-03T10:20:45Z
2026-01-03T10:00:00Z,BNB,873.31,120379787415.31136,1724504985.8561518,,0.1169192032602537,coingecko,2026-01-03T10:20:45Z
2026-01-03T11:00:00Z,BTC,89654.0,1791401681723.819,46176356757.41328,,0.2657993709640148,coingecko,2026-01-03T11:17:19Z
2026-01-03T11:00:00Z,ETH,3092.88,373622359614.9143,23330086580.72752,,1.6390065624856205,coingecko,2026-01-03T11:17:19Z
2026-01-03T11:00:00Z,BNB,872.4,120169567282.0302,1692271556.4466622,,0.4549386418435617,coingecko,2026-01-03T11:17:19Z
2026-01-03T12:00:00Z,BTC,89722.0,1791735313437.817,45318632438.587234,,0.377447496862097,coingecko,2026-01-03T12:39:33Z
2026-01-03T12:00:00Z,ETH,3095.65,373943778011.5296,24216761140.19591,,1.4917843927424987,coingecko,2026-01-03T12:39:33Z
2026-01-03T12:00:00Z,BNB,874.42,120472276758.0463,1694999822.612637,,0.5457793561402113,coingecko,2026-01-03T12:39:33Z
2026-01-03T13:00:00Z,BTC,89940.0,1795930287246.6414,45137361955.64372,,0.4908190158268439,coingecko,2026-01-03T13:29:01Z
2026-01-03T13:00:00Z,ETH,3103.19,374479075128.8277,22679409516.74619,,1.7176646324864715,coingecko,2026-01-03T13:29:01Z
2026-01-03T13:00:00Z,BNB,875.44,120570023685.98044,1678909584.3267343,,0.5241807363756237,coingecko,2026-01-03T13:29:01Z
<<<<<<< HEAD,,,,,,,,
2026-01-03T14:00:00Z,BTC,89993.0,1796281330274.6506,43503886433.99376,,1.044038832636072,coingecko,2026-01-03T14:19:08Z
2026-01-03T14:00:00Z,ETH,3104.05,374284341267.0822,21967650131.873,,2.0743904229639383,coingecko,2026-01-03T14:19:08Z
2026-01-03T14:00:00Z,BNB,875.07,120635344765.95811,1650792056.0216515,,0.6823659461801047,coingecko,2026-01-03T14:19:08Z
2026-01-03T15:00:00Z,BTC,89943.0,1797132270443.366,39003998058.80582,,0.8600512918859178,coingecko,2026-01-03T15:19:29Z
2026-01-03T15:00:00Z,ETH,3100.23,374223757653.8895,18899810906.311226,,0.9770256262647662,coingecko,2026-01-03T15:19:29Z
2026-01-03T15:00:00Z,BNB,872.09,120256741377.62234,1551215001.4448216,,-0.0885719479545425,coingecko,2026-01-03T15:19:29Z
=======,,,,,,,,
2026-01-03T01:00:00Z,BTC,90149.0,1800037752820.2517,50195230385.06516,,1.8322848406552408,coingecko,2026-01-03T01:50:50Z
2026-01-03T01:00:00Z,ETH,3129.12,377697196040.6678,25995469069.05046,,4.392351937084738,coingecko,2026-01-03T01:50:50Z
2026-01-03T01:00:00Z,BNB,880.19,121257604562.0216,1684575866.5231133,,2.184721725185125,coingecko,2026-01-03T01:50:50Z
>>>>>>> 1b95c18 (Finalize live dashboard UI, sentiment display, and prediction tracking),,,,,,
>>>>>>> b326b55 (Finalize live dashboard UI, sentiment display, and prediction tracking),,,,,,
2026-01-03T16:00:00Z,BTC,89923.0,1795624971321.7705,34600677856.66243,,0.0481814624973235,coingecko,2026-01-03T16:27:15Z
2026-01-03T16:00:00Z,ETH,3099.2,374046097204.3307,16797219779.913357,,-0.007778979760981,coingecko,2026-01-03T16:27:15Z
2026-01-03T16:00:00Z,BNB,873.74,120360618654.45293,1393601301.0453448,,-0.7351962000395073,coingecko,2026-01-03T16:27:15Z
2026-01-03T17:00:00Z,BTC,90016.0,1798423752048.142,30423573111.09866,,-0.8272630505825024,coingecko,2026-01-03T17:17:51Z
2026-01-03T17:00:00Z,ETH,3105.29,374909696524.9269,15791611511.29939,,-1.2397754504146763,coingecko,2026-01-03T17:17:51Z
2026-01-03T17:00:00Z,BNB,875.12,120575899000.82414,1248599150.8180308,,-1.6244314988358082,coingecko,2026-01-03T17:17:51Z
2026-01-03T18:00:00Z,BTC,90100.0,1797721196950.6262,27716094802.54137,,-0.174021713535291,coingecko,2026-01-03T18:29:01Z
2026-01-03T18:00:00Z,ETH,3112.44,374900850033.6549,14867597422.429949,,-0.2823464539666154,coingecko,2026-01-03T18:29:01Z
2026-01-03T18:00:00Z,BNB,876.44,120668632861.42502,1209150169.7505724,,-1.0534936845044665,coingecko,2026-01-03T18:29:01Z
2026-01-03T19:00:00Z,BTC,90027.0,1797922724055.5825,25755366817.06624,,0.0520140264356027,coingecko,2026-01-03T19:15:39Z
2026-01-03T19:00:00Z,ETH,3109.72,375313903371.2704,13804431335.875343,,-0.3117906202304249,coingecko,2026-01-03T19:15:39Z
2026-01-03T19:00:00Z,BNB,875.97,120658877990.63446,1132471910.0164669,,-0.5254227273018324,coingecko,2026-01-03T19:15:39Z
2026-01-03T20:00:00Z,BTC,90031.0,1797382369929.8655,24073177566.27672,,0.0915240006444733,coingecko,2026-01-03T20:22:15Z
2026-01-03T20:00:00Z,ETH,3107.49,375011082833.1483,12101556865.74049,,-0.5120966485561864,coingecko,2026-01-03T20:22:15Z
2026-01-03T20:00:00Z,BNB,875.59,120557240526.03725,1081964699.432556,,-0.6313234619797531,coingecko,2026-01-03T20:22:15Z
2026-01-03T21:00:00Z,BTC,90350.0,1803731123899.298,23396100372.869537,,0.6253214813760338,coingecko,2026-01-03T21:18:21Z
2026-01-03T21:00:00Z,ETH,3115.02,375685405951.1607,12037396672.675968,,-0.0833152289184396,coingecko,2026-01-03T21:18:21Z
2026-01-03T21:00:00Z,BNB,877.3,120794439185.68108,1085886924.2191925,,-0.1916315997826478,coingecko,2026-01-03T21:18:21Z
2026-01-03T22:00:00Z,BTC,90557.0,1806643382700.009,23378431776.85788,,0.4531319726748216,coingecko,2026-01-03T22:19:30Z
2026-01-03T22:00:00Z,ETH,3118.43,376151076269.9944,11662905191.309929,,-0.4580336376042683,coingecko,2026-01-03T22:19:30Z
2026-01-03T22:00:00Z,BNB,879.04,121064889177.16965,1056012685.9951274,,-0.4125582138819251,coingecko,2026-01-03T22:19:30Z
2026-01-03T23:00:00Z,BTC,90595.0,1806557040386.7207,23566311284.130707,,0.5881598535093803,coingecko,2026-01-03T23:19:31Z
2026-01-03T23:00:00Z,ETH,3126.11,376918873240.8215,11534932282.924286,,-0.1468256752197299,coingecko,2026-01-03T23:19:31Z
2026-01-03T23:00:00Z,BNB,879.06,121011165794.32158,1041770309.185178,,-0.5881827873616245,coingecko,2026-01-03T23:19:31Z
2026-01-04T01:00:00Z,BTC,91001.0,1818105535266.7664,26377074006.189167,,0.9465050465993357,coingecko,2026-01-04T01:52:51Z
2026-01-04T01:00:00Z,ETH,3143.3,379234584688.01,12769498315.913946,,0.4553070167436176,coingecko,2026-01-04T01:52:51Z
2026-01-04T01:00:00Z,BNB,881.26,121379014149.69193,1064271789.6822022,,0.1264258018179955,coingecko,2026-01-04T01:52:51Z
2026-01-04T03:00:00Z,BTC,91247.0,1822281733664.181,27093098945.75367,,1.0303465537720848,coingecko,2026-01-04T03:51:13Z
2026-01-04T03:00:00Z,ETH,3147.99,379905405298.9487,14277548847.774042,,0.7713814660759122,coingecko,2026-01-04T03:51:13Z
2026-01-04T03:00:00Z,BNB,882.71,121559822475.7032,998372615.84215,,0.4494897104539646,coingecko,2026-01-04T03:51:13Z
2026-01-04T04:00:00Z,BTC,91459.0,1826617333642.576,26811905280.80789,,1.5321518266612124,coingecko,2026-01-04T04:49:43Z
2026-01-04T04:00:00Z,ETH,3150.9,380239000228.5438,12866338444.36273,,1.1084537799966645,coingecko,2026-01-04T04:49:43Z
2026-01-04T04:00:00Z,BNB,890.02,122272898458.4389,1035887669.5006404,,1.3641278443285134,coingecko,2026-01-04T04:49:43Z
2026-01-04T05:00:00Z,BTC,91408.0,1824389872601.16,26623746977.19008,,1.5460614347369803,coingecko,2026-01-04T05:25:43Z
2026-01-04T05:00:00Z,ETH,3148.47,380031209408.0024,12295279609.44148,,1.176055230500563,coingecko,2026-01-04T05:25:43Z
2026-01-04T05:00:00Z,BNB,887.48,121962320526.7081,1043873680.921393,,1.1477659708666588,coingecko,2026-01-04T05:25:43Z
2026-01-04T06:00:00Z,BTC,91541.0,1828868647077.1943,27347912366.30835,,1.7870681713356984,coingecko,2026-01-04T06:31:45Z
2026-01-04T06:00:00Z,ETH,3149.96,380005999481.2449,13038607291.329617,,1.3923296798879534,coingecko,2026-01-04T06:31:45Z
2026-01-04T06:00:00Z,BNB,887.34,122302229434.7799,1052011410.566251,,1.2993725851831162,coingecko,2026-01-04T06:31:45Z
2026-01-04T07:00:00Z,BTC,91294.0,1823059601332.872,27286338979.73968,,1.9690047104761816,coingecko,2026-01-04T07:21:27Z
2026-01-04T07:00:00Z,ETH,3139.42,378911872850.9449,12821173578.839417,,1.5145577153080698,coingecko,2026-01-04T07:21:27Z
2026-01-04T07:00:00Z,BNB,884.16,121824373644.64856,1029714960.317238,,1.4396548097150916,coingecko,2026-01-04T07:21:27Z
2026-01-04T08:00:00Z,BTC,91187.0,1821400850808.6057,26825414632.720177,,1.7029429140942716,coingecko,2026-01-04T08:27:44Z
2026-01-04T08:00:00Z,ETH,3131.24,378034397044.82745,13738448218.17698,,1.1924328573146596,coingecko,2026-01-04T08:27:44Z
2026-01-04T08:00:00Z,BNB,883.46,121697180925.78104,983839692.5437032,,1.2880612060709582,coingecko,2026-01-04T08:27:44Z
2026-01-04T09:00:00Z,BTC,91333.0,1822237584872.316,27659536108.78679,,1.9137667579410471,coingecko,2026-01-04T09:19:49Z
2026-01-04T09:00:00Z,ETH,3138.11,378354790159.94696,12537905961.43797,,1.484323561415704,coingecko,2026-01-04T09:19:49Z
2026-01-04T09:00:00Z,BNB,884.89,121810433990.57616,972784129.4419088,,1.288792565447409,coingecko,2026-01-04T09:19:49Z
2026-01-04T10:00:00Z,BTC,91442.0,1826539704806.057,28498378182.35247,,1.9425423821160643,coingecko,2026-01-04T10:20:26Z
2026-01-04T10:00:00Z,ETH,3142.46,379497965872.5329,12710981720.444635,,1.4356387033397673,coingecko,2026-01-04T10:20:26Z
2026-01-04T10:00:00Z,BNB,886.26,122099358904.63148,1010179419.1034888,,1.4822669638776242,coingecko,2026-01-04T10:20:26Z
2026-01-04T11:00:00Z,BTC,91316.0,1825155631459.6592,29711585722.82734,,1.854511450066416,coingecko,2026-01-04T11:17:05Z
2026-01-04T11:00:00Z,ETH,3140.47,379163879527.7191,13968819838.809008,,1.532492628839605,coingecko,2026-01-04T11:17:05Z
2026-01-04T11:00:00Z,BNB,885.36,121947818193.07803,1028527364.4779868,,1.4953529184242922,coingecko,2026-01-04T11:17:05Z
2026-01-04T12:00:00Z,BTC,91161.0,1820611282325.295,29878118808.51261,,1.6192577684272556,coingecko,2026-01-04T12:40:10Z
2026-01-04T12:00:00Z,ETH,3138.41,378789845792.30896,12676254507.556698,,1.387910195411299,coingecko,2026-01-04T12:40:10Z
2026-01-04T12:00:00Z,BNB,886.35,122081029179.25829,982588172.1351776,,1.4096128543194757,coingecko,2026-01-04T12:40:10Z
2026-01-04T13:00:00Z,BTC,91135.0,1819100543544.8567,29740746366.86181,,1.2994587666064044,coingecko,2026-01-04T13:29:41Z
2026-01-04T13:00:00Z,ETH,3136.52,378213482567.7219,12781091647.012112,,1.0367552022521025,coingecko,2026-01-04T13:29:41Z
2026-01-04T13:00:00Z,BNB,887.98,122319959956.12411,1020616740.0831822,,1.4459506955854835,coingecko,2026-01-04T13:29:41Z
2026-01-04T14:00:00Z,BTC,91270.0,1821656786558.0264,30283522202.10909,,1.428125406096073,coingecko,2026-01-04T14:18:43Z
2026-01-04T14:00:00Z,ETH,3137.02,378568100857.7116,12905554119.63326,,1.0633570031551616,coingecko,2026-01-04T14:18:43Z
2026-01-04T14:00:00Z,BNB,887.02,122257256063.15588,1032849324.9640664,,1.397163473398792,coingecko,2026-01-04T14:18:43Z
2026-01-04T15:00:00Z,BTC,91239.0,1823108782233.1843,30139431213.920147,,1.432504684844344,coingecko,2026-01-04T15:19:43Z
2026-01-04T15:00:00Z,ETH,3135.57,378551453180.5584,12750093127.592964,,1.0956308101857837,coingecko,2026-01-04T15:19:43Z
2026-01-04T15:00:00Z,BNB,887.76,122221801741.7232,1020401703.0996144,,1.7663303872032177,coingecko,2026-01-04T15:19:43Z
2026-01-04T16:00:00Z,BTC,91290.0,1822750049908.0583,30932635908.492992,,1.5296184768570569,coingecko,2026-01-04T16:24:20Z
2026-01-04T16:00:00Z,ETH,3132.21,378115118301.7229,13156466291.013033,,1.0744960505185377,coingecko,2026-01-04T16:24:20Z
2026-01-04T16:00:00Z,BNB,891.06,122854172645.78967,1053132435.8441876,,1.92906093493838,coingecko,2026-01-04T16:24:20Z
2026-01-04T17:00:00Z,BTC,91301.0,1823882124871.9749,30681019967.73838,,1.462947094573979,coingecko,2026-01-04T17:17:52Z
2026-01-04T17:00:00Z,ETH,3135.59,378844218607.9351,13326210899.231789,,0.9991345760572312,coingecko,2026-01-04T17:17:52Z
2026-01-04T17:00:00Z,BNB,897.5,123744828734.73788,1105678708.36848,,2.559294605823569,coingecko,2026-01-04T17:17:52Z
2026-01-04T18:00:00Z,BTC,91136.0,1821420695750.95,31128842297.424747,,1.1263791340423557,coingecko,2026-01-04T18:29:21Z
2026-01-04T18:00:00Z,ETH,3128.76,377868626716.5701,14422571907.48171,,0.4741727346263742,coingecko,2026-01-04T18:29:21Z
2026-01-04T18:00:00Z,BNB,896.85,123715839648.92355,1157318572.8282316,,2.3706031493743005,coingecko,2026-01-04T18:29:21Z
2026-01-04T19:00:00Z,BTC,90976.0,1817680587376.8145,31662902770.74104,,1.0608172200638468,coingecko,2026-01-04T19:16:22Z
2026-01-04T19:00:00Z,ETH,3125.91,377225683041.0748,14812455462.612856,,0.5256508514152402,coingecko,2026-01-04T19:16:22Z
2026-01-04T19:00:00Z,BNB,891.68,122935676873.55035,1215272829.9981964,,1.803934122094459,coingecko,2026-01-04T19:16:22Z
2026-01-04T20:00:00Z,BTC,91219.0,1821774294026.059,32024303133.71255,,1.3092812613740008,coingecko,2026-01-04T20:23:07Z
2026-01-04T20:00:00Z,ETH,3136.11,378293289387.62286,13908895045.881395,,0.9237888450820476,coingecko,2026-01-04T20:23:07Z
2026-01-04T20:00:00Z,BNB,895.19,123304681152.59082,1259652666.619985,,2.224733318688011,coingecko,2026-01-04T20:23:07Z
2026-01-04T21:00:00Z,BTC,91301.0,1823752265221.9675,31730138493.938293,,1.032970912831168,coingecko,2026-01-04T21:18:49Z
2026-01-04T21:00:00Z,ETH,3146.61,379276244264.3691,14146257362.767117,,0.9391073896579184,coingecko,2026-01-04T21:18:49Z
2026-01-04T21:00:00Z,BNB,895.78,123348527440.91634,1258631779.7351787,,2.0782808598069464,coingecko,2026-01-04T21:18:49Z
2026-01-04T22:00:00Z,BTC,91170.0,1824102709746.38,31416505705.31248,,0.7045914460854447,coingecko,2026-01-04T22:19:47Z
2026-01-04T22:00:00Z,ETH,3140.5,379969810074.248,14165020912.902777,,0.7893980294934559,coingecko,2026-01-04T22:19:47Z
2026-01-04T22:00:00Z,BNB,893.02,123530513335.2598,1243979425.9160807,,1.5923204543129317,coingecko,2026-01-04T22:19:47Z
2026-01-04T23:00:00Z,BTC,91291.0,1825649898805.132,30771833935.704247,,0.7782633679494089,coingecko,2026-01-04T23:19:44Z
2026-01-04T23:00:00Z,ETH,3138.68,380006056566.8953,14175378897.099096,,0.4099691978286459,coingecko,2026-01-04T23:19:44Z
2026-01-04T23:00:00Z,BNB,893.49,123359484578.91704,1265729000.9091258,,1.658334452243034,coingecko,2026-01-04T23:19:44Z
2026-01-05T01:00:00Z,BTC,93035.0,1860336318212.563,35979579495.51728,,2.097550069319356,coingecko,2026-01-05T01:52:51Z
2026-01-05T01:00:00Z,ETH,3203.03,386970465977.867,17265631908.903843,,1.9340512269970296,coingecko,2026-01-05T01:52:51Z
2026-01-05T01:00:00Z,BNB,904.4,124634527476.6476,1348177168.92729,,2.6268973508259275,coingecko,2026-01-05T01:52:51Z
2026-01-05T03:00:00Z,BTC,92875.0,1855243770863.1924,37462075916.82767,,1.7980511728292994,coingecko,2026-01-05T03:55:49Z
2026-01-05T03:00:00Z,ETH,3185.24,384458714130.1086,17668239955.27492,,1.1672486874174757,coingecko,2026-01-05T03:55:49Z
2026-01-05T03:00:00Z,BNB,899.19,123902960396.006,1313679610.0444198,,1.8330689658095296,coingecko,2026-01-05T03:55:49Z
2026-01-05T04:00:00Z,BTC,92546.0,1847769995232.8025,38174626251.18603,,1.3016434084424855,coingecko,2026-01-05T04:57:34Z
2026-01-05T04:00:00Z,ETH,3165.4,382027517097.7081,17062205493.92996,,0.5944926072025531,coingecko,2026-01-05T04:57:34Z
2026-01-05T04:00:00Z,BNB,895.04,123280738555.7912,1356349874.8565245,,0.7267104121473626,coingecko,2026-01-05T04:57:34Z
2026-01-05T05:00:00Z,BTC,92586.0,1849459979914.5408,37981248321.30292,,1.273418742394444,coingecko,2026-01-05T05:39:01Z
2026-01-05T05:00:00Z,ETH,3162.51,381805807249.41473,16057995572.345448,,0.541200801862127,coingecko,2026-01-05T05:39:01Z
2026-01-05T05:00:00Z,BNB,894.23,123157966963.34044,1160170381.545468,,0.7703883676091283,coingecko,2026-01-05T05:39:01Z
2026-01-05T06:00:00Z,BTC,92269.0,1841523169347.896,37785624620.94525,,0.9045305475088182,coingecko,2026-01-05T06:39:13Z
2026-01-05T06:00:00Z,ETH,3148.73,379532235085.89984,17432510403.05509,,0.0834291246727931,coingecko,2026-01-05T06:39:13Z
2026-01-05T06:00:00Z,BNB,895.68,123223206457.74768,1329447445.7805665,,1.1142562447936668,coingecko,2026-01-05T06:39:13Z
2026-01-05T07:00:00Z,BTC,92507.0,1847495522658.9785,37636668803.23866,,1.4023553930258046,coingecko,2026-01-05T07:29:00Z
2026-01-05T07:00:00Z,ETH,3155.44,380807747849.0992,17235080113.571846,,0.6442248879617468,coingecko,2026-01-05T07:29:00Z
2026-01-05T07:00:00Z,BNB,898.41,123718462114.73643,1308434013.0510175,,1.7352781369446266,coingecko,2026-01-05T07:29:00Z
2026-01-05T08:00:00Z,BTC,92658.0,1850212542492.2893,37424889147.645775,,1.5650634120065434,coingecko,2026-01-05T08:33:38Z
2026-01-05T08:00:00Z,ETH,3166.35,382035676145.3571,17059477800.28397,,1.006309023292516,coingecko,2026-01-05T08:33:38Z
2026-01-05T08:00:00Z,BNB,899.6,123880719211.33086,1303506864.694319,,1.751075844234142,coingecko,2026-01-05T08:33:38Z
2026-01-05T09:00:00Z,BTC,92550.0,1848780013418.6848,37533689496.76966,,1.3492151395995382,coingecko,2026-01-05T09:31:54Z
2026-01-05T09:00:00Z,ETH,3159.28,381433044494.827,16250904212.566414,,0.7629371809713453,coingecko,2026-01-05T09:31:54Z
2026-01-05T09:00:00Z,BNB,897.69,123602706032.71556,1329683078.239602,,1.4438230605365363,coingecko,2026-01-05T09:31:54Z
2026-01-05T10:00:00Z,BTC,92842.0,1854127154556.668,37057918960.97447,,1.53813197818402,coingecko,2026-01-05T10:25:22Z
2026-01-05T10:00:00Z,ETH,3172.48,382883913473.2017,17097426542.233076,,0.919275447344498,coingecko,2026-01-05T10:25:22Z
2026-01-05T10:00:00Z,BNB,902.44,124248979328.30536,1331335015.0635736,,1.8383620669112244,coingecko,2026-01-05T10:25:22Z
2026-01-05T11:00:00Z,BTC,92876.0,1854562621505.4656,37639087174.16867,,1.682776473433694,coingecko,2026-01-05T11:20:03Z
2026-01-05T11:00:00Z,ETH,3168.98,382340032474.8674,17155166204.063473,,0.9304950407895524,coingecko,2026-01-05T11:20:03Z
2026-01-05T11:00:00Z,BNB,902.63,124352020839.57031,1338774137.6011846,,1.947060220001647,coingecko,2026-01-05T11:20:03Z
2026-01-05T12:00:00Z,BTC,92756.0,1853295158894.86,38066157519.81541,,1.8514858180440263,coingecko,2026-01-05T12:46:31Z
2026-01-05T12:00:00Z,ETH,3166.23,382329823884.81055,17900144582.204,,1.0105833964818147,coingecko,2026-01-05T12:46:31Z
2026-01-05T12:00:00Z,BNB,904.58,124489842639.72511,1404452600.0508575,,2.099356660005605,coingecko,2026-01-05T12:46:31Z
2026-01-05T13:00:00Z,BTC,92639.0,1850905202011.1096,38430626508.07922,,1.6054410562974673,coingecko,2026-01-05T13:40:42Z
2026-01-05T13:00:00Z,ETH,3152.23,380878036366.1563,18456577861.557125,,0.5330756692919718,coingecko,2026-01-05T13:40:42Z
2026-01-05T13:00:00Z,BNB,901.87,124273706047.49886,1436107781.4984596,,1.5076508813237748,coingecko,2026-01-05T13:40:42Z
2026-01-05T14:00:00Z,BTC,92738.0,1851184721569.4988,39049198364.23052,,1.6393044172149984,coingecko,2026-01-05T14:24:48Z
2026-01-05T14:00:00Z,ETH,3150.96,380206634205.337,18923302316.66408,,0.5303483900703989,coingecko,2026-01-05T14:24:48Z
2026-01-05T14:00:00Z,BNB,902.13,124272166504.135,1447197557.014402,,1.716145914987694,coingecko,2026-01-05T14:24:48Z
2026-01-05T15:00:00Z,BTC,93311.0,1864116553486.741,43535492908.01599,,2.3047258328305067,coingecko,2026-01-05T15:24:41Z
2026-01-05T15:00:00Z,ETH,3158.28,381395244193.6481,20899080952.18668,,0.7454066613081203,coingecko,2026-01-05T15:24:41Z
2026-01-05T15:00:00Z,BNB,901.32,124250238190.56718,1431831892.9334092,,1.550762521164898,coingecko,2026-01-05T15:24:41Z
2026-01-05T16:00:00Z,BTC,93818.0,1875111703515.489,47848373907.35299,,2.774553708775032,coingecko,2026-01-05T16:27:22Z
2026-01-05T16:00:00Z,ETH,3180.66,384250976432.8584,23468215696.02172,,1.5567861268840526,coingecko,2026-01-05T16:27:22Z
2026-01-05T16:00:00Z,BNB,905.27,124698828357.7371,1517414820.2305496,,1.58031396717092,coingecko,2026-01-05T16:27:22Z
2026-01-05T17:00:00Z,BTC,93503.0,1868786716487.2788,49438767458.30281,,2.394258174795122,coingecko,2026-01-05T17:22:55Z
2026-01-05T17:00:00Z,ETH,3173.26,384128456037.5962,24039600935.983334,,1.221972535659636,coingecko,2026-01-05T17:22:55Z
2026-01-05T17:00:00Z,BNB,903.32,124512426033.67732,1489673815.3175888,,0.7435076039831939,coingecko,2026-01-05T17:22:55Z
2026-01-05T18:00:00Z,BTC,94003.0,1878011762756.0127,52642139304.83294,,3.146847319053573,coingecko,2026-01-05T18:33:12Z
2026-01-05T18:00:00Z,ETH,3200.4,386412650151.5247,24748207268.84576,,2.307461768790442,coingecko,2026-01-05T18:33:12Z
2026-01-05T18:00:00Z,BNB,904.6,124567912025.35858,1470934448.8904428,,0.8407274697672051,coingecko,2026-01-05T18:33:12Z
2026-01-05T19:00:00Z,BTC,94335.0,1882186791789.433,54209502713.0256,,3.646439568514796,coingecko,2026-01-05T19:20:26Z
2026-01-05T19:00:00Z,ETH,3222.88,388624283557.9903,26595680471.973625,,3.0592428205226585,coingecko,2026-01-05T19:20:26Z
2026-01-05T19:00:00Z,BNB,907.46,124968387332.51736,1283889006.5772662,,1.778989705416389,coingecko,2026-01-05T19:20:26Z
2026-01-05T20:00:00Z,BTC,94459.0,1883897215639.476,56294344717.1992,,3.52509905192627,coingecko,2026-01-05T20:25:53Z
2026-01-05T20:00:00Z,ETH,3238.15,390187879813.5129,26559853090.158512,,3.195338175303123,coingecko,2026-01-05T20:25:53Z
2026-01-05T20:00:00Z,BNB,914.54,125838980122.46512,1474055499.4327223,,2.1099755873889405,coingecko,2026-01-05T20:25:53Z
2026-01-05T21:00:00Z,BTC,94058.0,1879657774904.6067,58091396112.020645,,3.024766043169272,coingecko,2026-01-05T21:20:49Z
2026-01-05T21:00:00Z,ETH,3240.44,390978695378.70886,27448478280.860355,,3.0029671278406336,coingecko,2026-01-05T21:20:49Z
2026-01-05T21:00:00Z,BNB,910.99,125654648808.8515,1490978221.8672657,,1.6854841117149404,coingecko,2026-01-05T21:20:49Z
2026-01-05T22:00:00Z,BTC,94270.0,1879034433869.1704,58928160833.77157,,3.433085668658408,coingecko,2026-01-05T22:21:06Z
2026-01-05T22:00:00Z,ETH,3242.3,390480850347.967,28430416191.11647,,3.322928815326788,coingecko,2026-01-05T22:21:06Z
2026-01-05T22:00:00Z,BNB,913.15,125757410800.56557,1486890991.8338194,,2.242940027644256,coingecko,2026-01-05T22:21:06Z
2026-01-05T23:00:00Z,BTC,94013.0,1878548652161.0989,59676925580.08041,,2.9224280372818834,coingecko,2026-01-05T23:20:22Z
2026-01-05T23:00:00Z,ETH,3232.12,390455660492.0003,29317200007.856148,,2.910049536134598,coingecko,2026-01-05T23:20:22Z
2026-01-05T23:00:00Z,BNB,912.0,125564687702.97437,1533208312.3293395,,2.025136968581156,coingecko,2026-01-05T23:20:22Z
2026-01-06T01:00:00Z,BTC,93906.0,1877458532169.2463,54190261367.253525,,0.8783241026304204,coingecko,2026-01-06T01:44:17Z
2026-01-06T01:00:00Z,ETH,3230.25,390253475418.11145,27640142724.30388,,0.7607285480435317,coingecko,2026-01-06T01:44:17Z
2026-01-06T01:00:00Z,BNB,908.78,125145796556.7086,1429780122.2807736,,0.4125127634634731,coingecko,2026-01-06T01:44:17Z
2026-01-06T03:00:00Z,BTC,93869.0,1873916557609.0984,51839934496.80428,,0.984419870581174,coingecko,2026-01-06T03:38:43Z
2026-01-06T03:00:00Z,ETH,3227.82,389518932440.368,27001688481.57286,,1.1726807974971072,coingecko,2026-01-06T03:38:43Z
2026-01-06T03:00:00Z,BNB,908.13,125010905769.3045,1418706018.1875644,,0.9556616417928951,coingecko,2026-01-06T03:38:43Z
2026-01-06T04:00:00Z,BTC,93891.0,1875226539284.283,50807870098.8604,,1.5422695485622702,coingecko,2026-01-06T04:39:37Z
2026-01-06T04:00:00Z,ETH,3229.76,389829706404.77625,25010308369.25364,,2.0577416677508578,coingecko,2026-01-06T04:39:37Z
2026-01-06T04:00:00Z,BNB,908.79,125172274012.93236,1361612717.8538775,,1.9096885226446527,coingecko,2026-01-06T04:39:37Z
2026-01-06T05:00:00Z,BTC,93756.0,1871015983338.9795,50674241246.59594,,1.179404045663393,coingecko,2026-01-06T05:25:07Z
2026-01-06T05:00:00Z,ETH,3225.27,389095911468.1824,24816071037.22642,,1.9045241988206512,coingecko,2026-01-06T05:25:07Z
2026-01-06T05:00:00Z,BNB,906.12,124855482907.5052,1358126835.9570827,,1.2867565930787586,coingecko,2026-01-06T05:25:07Z
2026-01-06T06:00:00Z,BTC,93825.0,1870383147391.754,50757723136.51469,,1.81717866565308,coingecko,2026-01-06T06:35:11Z
2026-01-06T06:00:00Z,ETH,3228.97,388446874181.3376,24168629596.93808,,2.8637457434132334,coingecko,2026-01-06T06:35:11Z
2026-01-06T06:00:00Z,BNB,907.0,124635120965.8345,1295297486.0987215,,1.620050133102843,coingecko,2026-01-06T06:35:11Z
2026-01-06T07:00:00Z,BTC,93348.0,1864692717334.172,51564829766.23378,,0.9088153598552676,coingecko,2026-01-06T07:26:09Z
2026-01-06T07:00:00Z,ETH,3223.83,389146040583.97845,26329121806.26897,,2.1714254933497745,coingecko,2026-01-06T07:26:09Z
2026-01-06T07:00:00Z,BNB,904.82,124671069777.89249,1364350260.2153475,,0.7017813535850017,coingecko,2026-01-06T07:26:09Z
2026-01-06T08:00:00Z,BTC,93275.0,1862902684736.6548,52179177570.249,,0.6805482675250771,coingecko,2026-01-06T08:31:14Z
2026-01-06T08:00:00Z,ETH,3216.65,388233180891.76166,25730192706.496822,,1.6153141470817811,coingecko,2026-01-06T08:31:14Z
2026-01-06T08:00:00Z,BNB,904.69,124652420528.5443,1387295886.465317,,0.5847209803069067,coingecko,2026-01-06T08:31:14Z
2026-01-06T09:00:00Z,BTC,93455.0,1866802739349.073,51851334133.765884,,1.0138284939523674,coingecko,2026-01-06T09:26:48Z
2026-01-06T09:00:00Z,ETH,3225.35,389324738791.19147,26497559339.16281,,2.064899061582784,coingecko,2026-01-06T09:26:48Z
2026-01-06T09:00:00Z,BNB,912.84,125688540481.59296,1324893671.9348898,,1.7656278256278617,coingecko,2026-01-06T09:26:48Z
2026-01-06T10:00:00Z,BTC,93510.0,1868491484533.08,51053231850.51482,,0.7381821670430752,coingecko,2026-01-06T10:24:07Z
2026-01-06T10:00:00Z,ETH,3225.15,389528146798.2479,25368684769.00625,,1.72338914175096,coingecko,2026-01-06T10:24:07Z
2026-01-06T10:00:00Z,BNB,913.58,125857077258.4678,1379384065.3870327,,1.2726693296260314,coingecko,2026-01-06T10:24:07Z
2026-01-06T11:00:00Z,BTC,93672.0,1870213946461.57,50449400977.89916,,0.8604246902061123,coingecko,2026-01-06T11:19:11Z
2026-01-06T11:00:00Z,ETH,3233.57,390240556457.4075,26244926802.364105,,1.974000948787352,coingecko,2026-01-06T11:19:11Z
2026-01-06T11:00:00Z,BNB,912.36,125677246530.6168,1382632256.3141894,,1.064332876859312,coingecko,2026-01-06T11:19:11Z
2026-01-06T12:00:00Z,BTC,93761.0,1872891590520.168,50441754005.81674,,1.0372710265416103,coingecko,2026-01-06T12:44:05Z
2026-01-06T12:00:00Z,ETH,3237.33,390800232863.1303,26893691284.69456,,2.1888799438405804,coingecko,2026-01-06T12:44:05Z
2026-01-06T12:00:00Z,BNB,911.54,125557765335.29524,1323339980.064242,,0.8457299837513175,coingecko,2026-01-06T12:44:05Z
2026-01-06T13:00:00Z,BTC,93664.0,1871894637798.5664,49841625086.71175,,1.0665813774671788,coingecko,2026-01-06T13:37:46Z
2026-01-06T13:00:00Z,ETH,3232.48,390522630970.294,25437925936.994183,,2.5932004008324587,coingecko,2026-01-06T13:37:46Z
2026-01-06T13:00:00Z,BNB,913.67,125855425796.0143,1281470589.8368535,,1.307550710431464,coingecko,2026-01-06T13:37:46Z
2026-01-06T14:00:00Z,BTC,94317.0,1874091287908.3352,50744046875.18483,,1.7030180226268663,coingecko,2026-01-06T14:22:43Z
2026-01-06T14:00:00Z,ETH,3290.39,391762343830.0154,27544196832.588806,,4.33674926663102,coingecko,2026-01-06T14:22:43Z
2026-01-06T14:00:00Z,BNB,919.52,126007449916.46384,1149301858.6044683,,1.9599899155809024,coingecko,2026-01-06T14:22:43Z
2026-01-06T15:00:00Z,BTC,94090.0,1872331614552.8647,50410299134.57445,,0.8986029160336708,coingecko,2026-01-06T15:23:16Z
2026-01-06T15:00:00Z,ETH,3294.46,395605403878.398,28759657627.21669,,4.335422198339186,coingecko,2026-01-06T15:23:16Z
2026-01-06T15:00:00Z,BNB,920.25,126665246625.6142,1460214050.022081,,2.097241850032184,coingecko,2026-01-06T15:23:16Z
2026-01-06T16:00:00Z,BTC,92937.0,1862039448243.0183,50642552550.4937,,-0.8954169213028489,coingecko,2026-01-06T16:29:14Z
2026-01-06T16:00:00Z,ETH,3252.52,393602724370.01904,27081238878.852108,,2.268735558622197,coingecko,2026-01-06T16:29:14Z
2026-01-06T16:00:00Z,BNB,911.62,125940042552.77805,1460228718.8913274,,0.6931147201085907,coingecko,2026-01-06T16:29:14Z
2026-01-06T17:00:00Z,BTC,92523.0,1851218213608.328,52478440295.10791,,-0.9414267203980689,coingecko,2026-01-06T17:23:36Z
2026-01-06T17:00:00Z,ETH,3246.89,392392868329.57007,28575616177.462387,,2.66020874515338,coingecko,2026-01-06T17:23:36Z
2026-01-06T17:00:00Z,BNB,907.19,125078791485.17064,1522330057.774927,,0.5554614528350483,coingecko,2026-01-06T17:23:36Z
2026-01-06T18:00:00Z,BTC,91925.0,1834273418022.554,54518874386.36649,,-2.217831983374487,coingecko,2026-01-06T18:32:02Z
2026-01-06T18:00:00Z,ETH,3217.81,388187772326.21387,29226413102.59885,,0.5660160402012959,coingecko,2026-01-06T18:32:02Z
2026-01-06T18:00:00Z,BNB,900.15,124009343187.2744,1620215055.7769918,,-0.4531418581318837,coingecko,2026-01-06T18:32:02Z
2026-01-06T19:00:00Z,BTC,92154.0,1838457441217.785,54808476910.6586,,-2.308308191641549,coingecko,2026-01-06T19:17:11Z
2026-01-06T19:00:00Z,ETH,3225.41,388740018367.2334,28250988295.374485,,0.0656960058309724,coingecko,2026-01-06T19:17:11Z
2026-01-06T19:00:00Z,BNB,901.72,124135608618.23238,1610791699.9336667,,-0.6210487591740446,coingecko,2026-01-06T19:17:11Z
2026-01-06T20:00:00Z,BTC,92459.0,1844671218340.1787,54658061191.62691,,-2.129267232620224,coingecko,2026-01-06T20:24:13Z
2026-01-06T20:00:00Z,ETH,3238.76,390177333220.06287,28050243974.37235,,0.0072314573746444,coingecko,2026-01-06T20:24:13Z
2026-01-06T20:00:00Z,BNB,905.06,124396301679.91573,1599674495.2825034,,-0.9827580539547084,coingecko,2026-01-06T20:24:13Z
2026-01-06T21:00:00Z,BTC,93645.0,1844895271168.2407,55621758797.47602,,-0.494172157842287,coingecko,2026-01-06T21:20:55Z
2026-01-06T21:00:00Z,ETH,3282.23,390883647434.0668,29119781066.182926,,1.2848911897126891,coingecko,2026-01-06T21:20:55Z
2026-01-06T21:00:00Z,BNB,912.98,124552482453.46507,1618718561.7985337,,0.2287565829120534,coingecko,2026-01-06T21:20:55Z
2026-01-06T22:00:00Z,BTC,92964.0,1862756203626.467,57316634467.80345,,-1.4092962750447715,coingecko,2026-01-06T22:21:25Z
2026-01-06T22:00:00Z,ETH,3268.23,395993935110.8824,28864779395.43644,,0.7582315413080826,coingecko,2026-01-06T22:21:25Z
2026-01-06T22:00:00Z,BNB,912.42,125823398203.7315,1663469830.7133472,,-0.1214478843709426,coingecko,2026-01-06T22:21:25Z
2026-01-06T23:00:00Z,BTC,93461.0,1866143998887.8108,57162025114.94216,,-0.6555572266383782,coingecko,2026-01-06T23:20:44Z
2026-01-06T23:00:00Z,ETH,3286.79,396292627061.8969,28277053337.8319,,1.5673429338514158,coingecko,2026-01-06T23:20:44Z
2026-01-06T23:00:00Z,BNB,919.25,126182987542.55336,1679598886.145786,,0.7831487608420867,coingecko,2026-01-06T23:20:44Z
2026-01-07T01:00:00Z,BTC,92445.0,1846345403836.0625,59654869081.56206,,-1.623894422008071,coingecko,2026-01-07T01:43:57Z
2026-01-07T01:00:00Z,ETH,3246.25,391805152386.8695,28533495061.01963,,0.5567630205854881,coingecko,2026-01-07T01:43:57Z
2026-01-07T01:00:00Z,BNB,906.56,124864041847.93784,1704486903.0915084,,-0.2435117137783717,coingecko,2026-01-07T01:43:57Z
2026-01-07T03:00:00Z,BTC,92780.0,1853310211445.329,55438938379.46672,,-1.1469022954684678,coingecko,2026-01-07T03:38:58Z
2026-01-07T03:00:00Z,ETH,3267.17,394382246722.1297,28381038539.895203,,1.226142523041677,coingecko,2026-01-07T03:38:58Z
2026-01-07T03:00:00Z,BNB,909.7,125309787278.31386,1686075753.146835,,0.2008083335983619,coingecko,2026-01-07T03:38:58Z
2026-01-07T04:00:00Z,BTC,92591.0,1850843259382.8108,61454468014.18861,,-1.3544067305206984,coingecko,2026-01-07T04:41:02Z
2026-01-07T04:00:00Z,ETH,3254.19,393239181699.592,28811314110.69208,,0.7998809002359423,coingecko,2026-01-07T04:41:02Z
2026-01-07T04:00:00Z,BNB,909.05,125290084266.27657,1701834836.0501432,,0.0916227598664238,coingecko,2026-01-07T04:41:02Z
2026-01-07T05:00:00Z,BTC,92671.0,1851515261783.7373,61265906227.818825,,-1.072907181568185,coingecko,2026-01-07T05:25:34Z
2026-01-07T05:00:00Z,ETH,3255.2,393006821813.51904,28606352030.722065,,1.004748131873627,coingecko,2026-01-07T05:25:34Z
2026-01-07T05:00:00Z,BNB,912.75,125704881382.59567,1707334211.457448,,0.7941178337941134,coingecko,2026-01-07T05:25:34Z
2026-01-07T06:00:00Z,BTC,92769.0,1852822972906.0527,61006066248.93757,,-1.1268908740294834,coingecko,2026-01-07T06:34:34Z
2026-01-07T06:00:00Z,ETH,3253.83,392878709078.6375,28681204061.97603,,0.7894192673260386,coingecko,2026-01-07T06:34:34Z
2026-01-07T06:00:00Z,BNB,916.05,126126834185.91348,1693113729.7975352,,0.9962208450765418,coingecko,2026-01-07T06:34:34Z
2026-01-07T07:00:00Z,BTC,92709.0,1851885850639.081,59826423162.27612,,-0.8673128176050164,coingecko,2026-01-07T07:25:25Z
2026-01-07T07:00:00Z,ETH,3256.28,393094700727.3865,27676010916.915703,,0.7939544227530718,coingecko,2026-01-07T07:25:25Z
2026-01-07T07:00:00Z,BNB,915.1,126079913997.51256,1715109604.1111927,,1.139793224575471,coingecko,2026-01-07T07:25:25Z
2026-01-07T08:00:00Z,BTC,92809.0,1853000102682.4617,59121223134.881,,-0.4584794938155886,coingecko,2026-01-07T08:30:59Z
2026-01-07T08:00:00Z,ETH,3254.9,392748643069.22986,27367027181.03563,,1.222452321067331,coingecko,2026-01-07T08:30:59Z
2026-01-07T08:00:00Z,BNB,917.61,126299827226.89638,1748442554.957163,,1.4265029527143065,coingecko,2026-01-07T08:30:59Z
2026-01-07T09:00:00Z,BTC,91923.0,1836705886678.028,58248903299.40425,,-1.6204799829478025,coingecko,2026-01-07T09:28:19Z
2026-01-07T09:00:00Z,ETH,3225.47,389242666149.412,28956575725.71417,,0.0418723694708882,coingecko,2026-01-07T09:28:19Z
2026-01-07T09:00:00Z,BNB,913.48,125847946269.16476,1769253001.2625723,,0.0759478532436241,coingecko,2026-01-07T09:28:19Z
2026-01-07T10:00:00Z,BTC,91710.0,1832867694768.3845,60935378155.18536,,-1.907742240439449,coingecko,2026-01-07T10:24:56Z
2026-01-07T10:00:00Z,ETH,3207.01,387119025282.31793,28677353981.848427,,-0.5604691139820156,coingecko,2026-01-07T10:24:56Z
2026-01-07T10:00:00Z,BNB,908.47,125262844557.8429,1898024003.6806817,,-0.5569690179574146,coingecko,2026-01-07T10:24:56Z
2026-01-07T11:00:00Z,BTC,92027.0,1837758245780.196,61632838992.570274,,-1.7804740769039262,coingecko,2026-01-07T11:20:27Z
2026-01-07T11:00:00Z,ETH,3222.03,388849064387.9512,29236789628.711697,,-0.3805089038674719,coingecko,2026-01-07T11:20:27Z
2026-01-07T11:00:00Z,BNB,911.19,125497087480.02827,1924041988.802985,,-0.1336360025376394,coingecko,2026-01-07T11:20:27Z
2026-01-07T12:00:00Z,BTC,91943.0,1836196809200.152,59354963646.60619,,-1.9677164876803908,coingecko,2026-01-07T12:45:10Z
2026-01-07T12:00:00Z,ETH,3212.3,387596688130.7618,28815909116.221504,,-0.8048404717125359,coingecko,2026-01-07T12:45:10Z
2026-01-07T12:00:00Z,BNB,905.73,124725502496.90738,1997625866.6533773,,-0.6240916165665298,coingecko,2026-01-07T12:45:10Z
2026-01-07T13:00:00Z,BTC,92032.0,1837628605180.7937,58715441491.60237,,-1.737485875427382,coingecko,2026-01-07T13:39:43Z
2026-01-07T13:00:00Z,ETH,3215.36,388083435028.8421,30370048646.861927,,-0.5488951173142089,coingecko,2026-01-07T13:39:43Z
2026-01-07T13:00:00Z,BNB,905.21,124678114946.6048,2032969814.109424,,-0.9313925554881828,coingecko,2026-01-07T13:39:43Z
2026-01-07T14:00:00Z,BTC,91492.0,1827994074117.7727,61179926022.038216,,-3.022783883018005,coingecko,2026-01-07T14:24:22Z
2026-01-07T14:00:00Z,ETH,3190.7,385292729628.50006,27653976503.12172,,-3.272008571676262,coingecko,2026-01-07T14:24:22Z
2026-01-07T14:00:00Z,BNB,899.56,123919435820.68088,1971030591.688483,,-2.170149120026858,coingecko,2026-01-07T14:24:22Z
2026-01-07T15:00:00Z,BTC,91241.0,1818234150831.9563,61424828936.46632,,-2.901886523178556,coingecko,2026-01-07T15:25:31Z
2026-01-07T15:00:00Z,ETH,3153.58,380080924177.1934,25910666182.44117,,-4.241882467512218,coingecko,2026-01-07T15:25:31Z
2026-01-07T15:00:00Z,BNB,898.59,123443178651.3131,1934713772.828538,,-2.374666362317309,coingecko,2026-01-07T15:25:31Z
2026-01-07T16:00:00Z,BTC,91485.0,1828784293997.0847,58954140894.20139,,-1.513629757368399,coingecko,2026-01-07T16:30:36Z
2026-01-07T16:00:00Z,ETH,3164.89,382477499096.4051,26368478128.347904,,-2.673993370133656,coingecko,2026-01-07T16:30:36Z
2026-01-07T16:00:00Z,BNB,899.13,123832816968.75922,1895804822.8342512,,-1.3649897038179533,coingecko,2026-01-07T16:30:36Z
2026-01-07T17:00:00Z,BTC,91456.0,1826764777721.7607,56320971333.48316,,-1.2461906881751652,coingecko,2026-01-07T17:26:18Z
2026-01-07T17:00:00Z,ETH,3162.46,381692997042.8813,25416971322.92992,,-2.6225601338560693,coingecko,2026-01-07T17:26:18Z
2026-01-07T17:00:00Z,BNB,900.13,123890800872.2438,1826400942.4055803,,-0.8155947993200636,coingecko,2026-01-07T17:26:18Z
2026-01-07T18:00:00Z,BTC,91320.0,1821902266983.1536,52133138691.74618,,-0.6645475771021245,coingecko,2026-01-07T18:33:24Z
2026-01-07T18:00:00Z,ETH,3157.96,380169698724.1603,23027259739.530457,,-1.9254743240884624,coingecko,2026-01-07T18:33:24Z
2026-01-07T18:00:00Z,BNB,898.4,123565740570.80142,1652190022.0747142,,-0.2381831681343713,coingecko,2026-01-07T18:33:24Z
2026-01-07T19:00:00Z,BTC,90746.0,1812000802950.196,52397794646.88658,,-1.4888469585581692,coingecko,2026-01-07T19:20:37Z
2026-01-07T19:00:00Z,ETH,3133.81,378153353198.5566,25194427584.46509,,-2.823488635274261,coingecko,2026-01-07T19:20:37Z
2026-01-07T19:00:00Z,BNB,893.48,123034421774.09772,1714493790.4431014,,-0.833095787502631,coingecko,2026-01-07T19:20:37Z
2026-01-07T20:00:00Z,BTC,90751.0,1812309500478.9675,51550734065.42979,,-1.85841478994711,coingecko,2026-01-07T20:26:12Z
2026-01-07T20:00:00Z,ETH,3127.64,377463534635.78,23422526861.204773,,-3.424418550633626,coingecko,2026-01-07T20:26:12Z
2026-01-07T20:00:00Z,BNB,893.45,123049551221.80716,1745060442.6465776,,-1.2360575735801835,coingecko,2026-01-07T20:26:12Z
2026-01-07T21:00:00Z,BTC,91109.0,1819186508122.0825,49654533204.026085,,-2.3655281407647024,coingecko,2026-01-07T21:20:24Z
2026-01-07T21:00:00Z,ETH,3142.76,379209483840.0316,23851220368.550365,,-3.735467603044616,coingecko,2026-01-07T21:20:24Z
2026-01-07T21:00:00Z,BNB,896.61,123460256109.43694,1731726849.6602302,,-1.3803864729467896,coingecko,2026-01-07T21:20:24Z
2026-01-07T22:00:00Z,BTC,90906.0,1815401543920.1912,47167803267.65786,,-2.313080390567153,coingecko,2026-01-07T22:20:54Z
2026-01-07T22:00:00Z,ETH,3143.58,379127952355.0378,24162685769.82732,,-3.947971849579007,coingecko,2026-01-07T22:20:54Z
2026-01-07T22:00:00Z,BNB,896.76,123485986669.90274,1669907249.3220186,,-1.8208997517605352,coingecko,2026-01-07T22:20:54Z
2026-01-07T23:00:00Z,BTC,91264.0,1820174584639.1208,47767214664.10462,,-2.3598047538391613,coingecko,2026-01-07T23:20:38Z
2026-01-07T23:00:00Z,ETH,3164.97,381127872843.6893,24656860850.17667,,-3.6830128718501296,coingecko,2026-01-07T23:20:38Z
2026-01-07T23:00:00Z,BNB,898.51,123649127032.07877,1641756145.544392,,-2.249347422844224,coingecko,2026-01-07T23:20:38Z
2026-01-08T01:00:00Z,BTC,91290.0,1823238721779.7903,44699829321.3523,,-1.1903795163174025,coingecko,2026-01-08T01:44:35Z
2026-01-08T01:00:00Z,ETH,3170.77,382649589875.4219,23550009705.25156,,-2.363717629216631,coingecko,2026-01-08T01:44:35Z
2026-01-08T01:00:00Z,BNB,901.78,124253478158.16805,1614307880.4736297,,-0.5460559287000701,coingecko,2026-01-08T01:44:35Z
2026-01-08T03:00:00Z,BTC,90915.0,1815779994473.2048,43676478423.900894,,-2.0095283376163566,coingecko,2026-01-08T03:39:21Z
2026-01-08T03:00:00Z,ETH,3150.8,380287830509.6569,22460113834.320103,,-3.6153760365309817,coingecko,2026-01-08T03:39:21Z
2026-01-08T03:00:00Z,BNB,895.54,123313083853.9291,1621703379.4123635,,-1.5552033686977649,coingecko,2026-01-08T03:39:21Z
2026-01-08T04:00:00Z,BTC,90940.0,1817030049273.67,44065342478.4304,,-1.9068913617333043,coingecko,2026-01-08T04:39:28Z
2026-01-08T04:00:00Z,ETH,3152.0,380602148130.0571,23960483342.05198,,-3.321971192845296,coingecko,2026-01-08T04:39:28Z
2026-01-08T04:00:00Z,BNB,894.44,123214876613.17915,1653281807.967126,,-1.6886081159351232,coingecko,2026-01-08T04:39:28Z
2026-01-08T05:00:00Z,BTC,91037.0,1818152836039.243,43776340675.159225,,-1.7768162101677956,coingecko,2026-01-08T05:24:51Z
2026-01-08T05:00:00Z,ETH,3154.79,380868852739.0943,22680644129.41088,,-3.096182117937896,coingecko,2026-01-08T05:24:51Z
2026-01-08T05:00:00Z,BNB,895.34,123273238592.55824,1634139070.0889776,,-1.8947505090043248,coingecko,2026-01-08T05:24:51Z
2026-01-08T06:00:00Z,BTC,90183.0,1800748840087.445,44733373792.07576,,-2.786963029020737,coingecko,2026-01-08T06:35:03Z
2026-01-08T06:00:00Z,ETH,3116.71,375802009163.5216,23413961797.28392,,-4.252611256843382,coingecko,2026-01-08T06:35:03Z
2026-01-08T06:00:00Z,BNB,882.47,121503117239.30173,1695272671.8137364,,-3.64255593193246,coingecko,2026-01-08T06:35:03Z
2026-01-08T07:00:00Z,BTC,90031.0,1797379584444.1687,46727919563.80783,,-2.886274463432434,coingecko,2026-01-08T07:24:36Z
2026-01-08T07:00:00Z,ETH,3112.71,375382320896.48645,23789399751.819366,,-4.416598861145553,coingecko,2026-01-08T07:24:36Z
2026-01-08T07:00:00Z,BNB,879.14,121068023221.81184,1778904692.0996878,,-3.988881875932349,coingecko,2026-01-08T07:24:36Z
2026-01-08T08:00:00Z,BTC,90574.0,1808654696002.6768,47644692278.14005,,-2.2943326239254063,coingecko,2026-01-08T08:30:43Z
2026-01-08T08:00:00Z,ETH,3129.73,377756368502.194,25897446420.196774,,-3.8454750706608287,coingecko,2026-01-08T08:30:43Z
2026-01-08T08:00:00Z,BNB,885.78,121920560690.94933,1742616530.4002292,,-3.48969373590923,coingecko,2026-01-08T08:30:43Z
2026-01-08T09:00:00Z,BTC,89981.0,1797359427467.046,48103522088.20896,,-2.01485287181408,coingecko,2026-01-08T09:28:24Z
2026-01-08T09:00:00Z,ETH,3106.9,375034154987.8895,24384865782.26813,,-3.57849244502844,coingecko,2026-01-08T09:28:24Z
2026-01-08T09:00:00Z,BNB,880.71,121327110757.75726,1746299583.6747832,,-3.563580334181351,coingecko,2026-01-08T09:28:24Z
2026-01-08T10:00:00Z,BTC,90074.0,1795979267831.33,47322418415.092094,,-1.7708023623526394,coingecko,2026-01-08T10:24:52Z
2026-01-08T10:00:00Z,ETH,3111.73,374960316874.37415,23634128344.931763,,-2.965815966399409,coingecko,2026-01-08T10:24:52Z
2026-01-08T10:00:00Z,BNB,883.49,121621062544.44948,1652716298.104767,,-2.809811843179416,coingecko,2026-01-08T10:24:52Z
2026-01-08T11:00:00Z,BTC,90081.0,1801076383096.431,46911283417.37064,,-2.1183013512490705,coingecko,2026-01-08T11:20:55Z
2026-01-08T11:00:00Z,ETH,3119.98,376702903084.5304,21445661195.75969,,-3.1680307918107253,coingecko,2026-01-08T11:20:55Z
2026-01-08T11:00:00Z,BNB,885.13,121914489443.48747,800940881.0387533,,-2.813887065098222,coingecko,2026-01-08T11:20:55Z
2026-01-08T12:00:00Z,BTC,89877.0,1793855354446.9058,48837476766.09533,,-2.241076237882982,coingecko,2026-01-08T12:45:16Z
2026-01-08T12:00:00Z,ETH,3094.77,373345649500.0111,24120112251.156853,,-3.633834338186797,coingecko,2026-01-08T12:45:16Z
2026-01-08T12:00:00Z,BNB,883.36,121577002823.73544,1625979219.889498,,-2.4810170233402795,coingecko,2026-01-08T12:45:16Z
2026-01-08T13:00:00Z,BTC,89857.0,1793683844008.869,48729126514.918274,,-2.418161645308868,coingecko,2026-01-08T13:40:33Z
2026-01-08T13:00:00Z,ETH,3092.53,372891005173.7979,24554738489.80056,,-3.8618053861486654,coingecko,2026-01-08T13:40:33Z
2026-01-08T13:00:00Z,BNB,883.32,121612954191.44072,1593459239.0031693,,-2.4288511853346555,coingecko,2026-01-08T13:40:33Z
2026-01-08T14:00:00Z,BTC,89651.0,1790685668500.9055,48011227473.07542,,-2.030616372572786,coingecko,2026-01-08T14:25:32Z
2026-01-08T14:00:00Z,ETH,3081.06,371860006390.38007,25054001660.70531,,-3.4180930253370647,coingecko,2026-01-08T14:25:32Z
2026-01-08T14:00:00Z,BNB,880.62,121284181829.66669,1562088999.9044492,,-2.064281587718522,coingecko,2026-01-08T14:25:32Z
2026-01-08T15:00:00Z,BTC,90400.0,1803819042034.6711,48150805222.13794,,-0.7867561313950916,coingecko,2026-01-08T15:26:18Z
2026-01-08T15:00:00Z,ETH,3098.94,373050149814.7784,25532674033.425934,,-1.8639124335445936,coingecko,2026-01-08T15:26:18Z
2026-01-08T15:00:00Z,BNB,886.55,122108859920.8897,1563061402.3810177,,-1.3124250841716782,coingecko,2026-01-08T15:26:18Z
2026-01-08T16:00:00Z,BTC,90505.0,1806911768561.1912,48782292086.66059,,-1.071432950312882,coingecko,2026-01-08T16:30:13Z
2026-01-08T16:00:00Z,ETH,3095.46,373562757453.2336,24247855575.649483,,-2.315102916212162,coingecko,2026-01-08T16:30:13Z
2026-01-08T16:00:00Z,BNB,886.32,122045344146.39066,1555458983.618786,,-1.448325246799891,coingecko,2026-01-08T16:30:13Z
2026-01-08T17:00:00Z,BTC,90953.0,1817752956085.0093,49463993989.83666,,-0.5754503393777403,coingecko,2026-01-08T17:26:53Z
2026-01-08T17:00:00Z,ETH,3113.87,376324916690.4951,24837137245.179512,,-1.5366782239009087,coingecko,2026-01-08T17:26:53Z
2026-01-08T17:00:00Z,BNB,888.33,122440643916.95616,1570076836.6417892,,-1.374301902624354,coingecko,2026-01-08T17:26:53Z
2026-01-08T18:00:00Z,BTC,91164.0,1820914789734.3384,49524966417.248405,,-0.1799016238611007,coingecko,2026-01-08T18:29:13Z
2026-01-08T18:00:00Z,ETH,3121.86,376687921795.7297,23846588819.08969,,-0.9760160972470436,coingecko,2026-01-08T18:29:13Z
2026-01-08T18:00:00Z,BNB,888.51,122337882619.142,1528307833.912357,,-0.8499225574631616,coingecko,2026-01-08T18:29:13Z
2026-01-08T19:00:00Z,BTC,90965.0,1816151171975.308,49050452958.724144,,0.2284920024287187,coingecko,2026-01-08T19:19:49Z
2026-01-08T19:00:00Z,ETH,3110.89,375353186122.8367,23915812599.91801,,-0.7497264833210665,coingecko,2026-01-08T19:19:49Z
2026-01-08T19:00:00Z,BNB,887.12,122157987949.19864,1522685162.7675123,,-0.7161988113104631,coingecko,2026-01-08T19:19:49Z
2026-01-08T20:00:00Z,BTC,90615.0,1808930955668.284,48733018907.91984,,-0.3040209499889628,coingecko,2026-01-08T20:25:10Z
2026-01-08T20:00:00Z,ETH,3096.75,373519636413.21857,24143466938.501945,,-1.104468272185624,coingecko,2026-01-08T20:25:10Z
2026-01-08T20:00:00Z,BNB,885.78,121939406799.20016,1515178959.4196577,,-0.8581007689272089,coingecko,2026-01-08T20:25:10Z
2026-01-08T21:00:00Z,BTC,90998.0,1818812311357.3901,48732165808.036804,,-0.12162917533505614,coingecko,2026-01-08T21:21:07Z
2026-01-08T21:00:00Z,ETH,3106.8,374926348078.1887,24046107069.923607,,-1.1220204462201187,coingecko,2026-01-08T21:21:07Z
2026-01-08T21:00:00Z,BNB,889.32,122481197741.9485,1516388457.310246,,-0.8311247929566039,coingecko,2026-01-08T21:21:07Z
