ts_utc,source,crypto,title,link,sentiment,id
2026-03-13T17:35:22Z,CoinDesk,ALL,One mysterious investor made $2.5 million profit in hours by betting big on the latest Trump gala news,https://www.coindesk.com/markets/2026/03/13/one-mysterious-investor-made-usd2-5-million-profit-in-hours-by-betting-big-on-the-latest-trump-gala-news,0.4404,3f37a9e4f63eb1a35744b028ce27dccb
2026-03-13T17:35:22Z,CoinDesk,ALL,MoonPay introduces Ledger-secured AI crypto agents to address wallet key risks,https://www.coindesk.com/tech/2026/03/13/moonpay-introduces-ledger-secured-ai-crypto-agents-to-address-wallet-key-risks,-0.2732,2b459f54a93b031a8389003a7bb02108
2026-03-13T17:35:22Z,CoinDesk,ETH,"Ethereum Foundation publishes new mandate defining its role, core principles",https://www.coindesk.com/tech/2026/03/13/ethereum-foundation-publishes-new-mandate-defining-its-role-core-principles,0.0,ab4ef055cf2910a3f07ec1b087ad7afe
2026-03-13T17:35:22Z,CoinDesk,BTC,"Stablecoins, bitcoin could reshape finance, Stanley Druckenmiller says",https://www.coindesk.com/business/2026/03/13/stablecoins-bitcoin-could-reshape-finance-stanley-druckenmiller-says,0.0,e57e7d977b64ca8e835247a896d84ecf
2026-03-13T17:35:22Z,CoinDesk,ALL,"Circle's USDC volumes top Tether's USDT for first time since 2019, prompting sell-side price target hike",https://www.coindesk.com/markets/2026/03/13/circle-s-usdc-volumes-top-tether-s-usdt-for-first-time-since-2019-prompting-sell-side-price-target-hike,0.2023,efa2bdbaa260b2bda075bb959e3ca6d7
2026-03-13T17:35:22Z,CoinDesk,BTC,"Bitcoin rises to one-month high of $73,800, continuing to outperform since start of Iran war",https://www.coindesk.com/markets/2026/03/13/bitcoin-rises-to-usd73-300-continuing-to-outperform-since-iran-war-and-taking-aim-at-one-month-high,-0.5994,b77b6a20884223b8a6436b0904e75f4e
2026-03-13T17:35:22Z,CoinDesk,ALL,"U.S. sanctions 6 people, 2 companies that laundered $800 million in crypto for North Korea",https://www.coindesk.com/business/2026/03/13/u-s-sanctions-6-people-2-companies-that-laundered-usd800-million-in-crypto-for-north-korea,0.0,edf5a70aaabf7278adad5152198ce4b3
2026-03-13T17:35:22Z,CoinDesk,ALL,CoinDesk 20 performance update: index jumps 3.7% as all constituents climb higher,https://www.coindesk.com/coindesk-indices/2026/03/13/coindesk-20-performance-update-index-jumps-3-7-as-all-constituents-climb-higher,0.0,48694cd3ab39718dc7776276752f7803
2026-03-13T17:35:22Z,CoinDesk,BTC,Bitcoin's building steam and a $3 billion trigger could make it wild,https://www.coindesk.com/daybook-us/2026/03/13/bitcoin-s-building-steam-and-a-usd3-billion-trigger-could-make-it-wild,0.0,224355fcf6ca32e897acb1196c10cb93
2026-03-13T17:35:22Z,CoinDesk,BTC,"Bitcoin outperforms stocks, tops $72,000 even as dollar strengthens",https://www.coindesk.com/markets/2026/03/13/bitcoin-outperforms-stocks-tops-usd72-000-even-as-dollar-strengthens,0.743,c54660c612a0845e467dbb828d8335f2
2026-03-13T17:35:22Z,CoinDesk,BTC,"Bitcoin holds above $71,000, defying rising dollar, oil and U.S. bond yields",https://www.coindesk.com/markets/2026/03/13/bitcoin-holds-above-usd71-000-defying-rising-dollar-oil-and-u-s-bond-yields,0.0,cbfc4e4d1b4a24deee62429d894a8798
2026-03-13T17:35:22Z,CoinDesk,BTC,"Bitcoin's recent crash to $60,000 warned stocks first – now they're following",https://www.coindesk.com/markets/2026/03/13/bitcoin-crashed-first-now-stocks-follow-cementing-btc-s-lead-indicator-cred,-0.5859,bbbf59afad2f5ec7e2cb27532d96e648
2026-03-13T17:35:22Z,CoinDesk,ALL,BlackRock’s new ether ETF for yield hungry investors debuts with $15 million in trading volume,https://www.coindesk.com/markets/2026/03/13/blackrock-s-staked-ether-etf-draws-usd15-million-in-first-day-trading,0.0,9e6c0e35cee8ccb3b74897785f8ad46b
2026-03-13T17:35:22Z,CoinDesk,ALL,Pi rallies more than 30% after Kraken announces listing,https://www.coindesk.com/markets/2026/03/13/pi-rallies-more-than-30-after-kraken-announces-listing,0.0,3c2886c71f7b2dcdef8a265ed392604e
2026-03-13T17:35:22Z,CoinDesk,ALL,XRP jumps 3% as breakout above $1.39 ends early-2026 downtrend,https://www.coindesk.com/markets/2026/03/13/xrp-jumps-3-as-breakout-above-usd1-39-ends-early-2026-downtrend,0.0,7112c4218b9c102ee6740c0ddaa40b6f
2026-03-13T17:35:22Z,CoinDesk,BTC,"Bitcoin above $71,000, ETH, SOL, ADA zoom higher as cryptos shrugs off stock weakness",https://www.coindesk.com/markets/2026/03/13/bitcoin-above-usd71-000-eth-sol-ada-zoom-higher-as-cryptos-shrugs-off-stock-weakness,-0.4215,e850e18ab8d8cbdfb8d94f43941a7f13
2026-03-13T17:35:22Z,CoinDesk,BTC,"Bitcoin climbs to near $72,000 after Treasury Secretary Bessent attempts to calm oil fears",https://www.coindesk.com/markets/2026/03/12/bitcoin-climbs-to-near-usd72-000-after-treasury-secretary-bessent-attempts-to-calm-oil-fears,0.0772,2f12eacacf651c67c5e0c9be3993067f
2026-03-13T17:35:22Z,CoinDesk,ALL,"Stricter MiCA rules could thin crypto industry across the EU, says Swiss wealth manager",https://www.coindesk.com/policy/2026/03/12/stricter-mica-rules-could-thin-crypto-industry-across-the-european-union-swissborg-says,0.4939,b87e0717793e7fee5e4b713cf9638138
2026-03-13T17:35:22Z,CoinDesk,ALL,"Crypto investor turns $50 million into $36,000 in one botched move",https://www.coindesk.com/markets/2026/03/12/crypto-investor-turns-usd50-million-into-usd36-000-in-one-botched-move,0.0,d0aed704bce91f0e2960489ba0c8518a
2026-03-13T17:35:22Z,CoinDesk,ALL,"SEC's advisory group backs tokenized securities push, outlines how to keep it safe",https://www.coindesk.com/policy/2026/03/12/sec-s-advisory-group-backs-push-for-tokenized-securities-outlines-how-to-keep-it-safe,0.5994,d95124b3347086bc15ccc46b858f1579
2026-03-13T17:35:22Z,CoinDesk,ALL,Donald Trump to hold another Mar-a-Lago lunch for his token holders,https://www.coindesk.com/policy/2026/03/12/donald-trump-to-hold-another-mar-a-lago-lunch-for-his-token-holders,0.0,3c43c3b553c164ac393f6c97e8e42413
2026-03-13T17:35:22Z,CoinDesk,ALL,The Emperor has no wallet,https://www.coindesk.com/opinion/2026/03/12/the-emperor-has-no-wallet,-0.296,f63eda825facb7de7cb369e0fe70ba0f
2026-03-13T17:35:22Z,CoinDesk,ALL,U.S. Senate votes to ban CBDCs in housing bill that may face trouble in the House,https://www.coindesk.com/policy/2026/03/12/u-s-senate-votes-to-ban-cbdcs-in-housing-bill-that-may-face-trouble-in-the-house,-0.743,4af0d859ac639c528920ebe4b8f2c885
2026-03-13T17:35:22Z,CoinDesk,ETH,Ethereum layer-2 developer OP Labs cuts roles to 'narrow focus',https://www.coindesk.com/business/2026/03/12/ethereum-layer-2-developer-op-labs-cuts-roles-to-narrow-focus,-0.296,3468e709abe4687471bd69d69070c3d3
2026-03-13T17:35:22Z,CoinDesk,BTC,Here is what $100 oil means for Bitcoin network,https://www.coindesk.com/markets/2026/03/12/here-is-what-usd100-oil-means-for-bitcoin-network,0.0,d7cca6a23779b6f9903f1d17e93fd70b
2026-03-13T17:35:22Z,Cointelegraph,ETH,Ethereum Foundation publishes mandate clarifying role and goals,https://cointelegraph.com/news/ethereum-foundation-mandate-role-goals?utm_source=rss_feed&utm_medium=rss&utm_campaign=rss_partner_inbound,0.0,f2ec284b123d00e39231bda2a582c934
2026-03-13T17:35:22Z,Cointelegraph,ETH,Ethereum accumulation wallets jump 30%: Will ETH price follow?,https://cointelegraph.com/news/ethereum-accumulation-wallets-jump-30-percent-wil-eth-price-follow?utm_source=rss_feed&utm_medium=rss&utm_campaign=rss_partner_inbound,0.0,5cdd6c21031db53bc93a6134849f2e85
2026-03-13T17:35:22Z,Cointelegraph,ALL,KuCoin launches perpetual futures tracking Tesla and Strategy stocks,https://cointelegraph.com/news/kucoin-perpetual-futures-tracking-tesla-strategy-stocks?utm_source=rss_feed&utm_medium=rss&utm_campaign=rss_partner_inbound,0.4767,b3549d12b52654fc5562d426c2855ea8
2026-03-13T17:35:22Z,Cointelegraph,BTC,Bitcoin miners saw the AI power crunch coming — and the nuclear revival,https://cointelegraph.com/news/ai-power-demand-nuclear-revival-bitcoin-mining?utm_source=rss_feed&utm_medium=rss&utm_campaign=rss_partner_inbound,0.1531,c9ed658d541cad6c921bd6978d97be47
2026-03-13T17:35:22Z,Cointelegraph,BTC,"Bitcoin price eyes $74K rematch as US PCE inflation boosts crypto, stocks",https://cointelegraph.com/news/bitcoin-price-eyes-74k-rematch-us-pce-inflation-boosts-crypto-stocks?utm_source=rss_feed&utm_medium=rss&utm_campaign=rss_partner_inbound,0.4497,d78b761e16ffc39ddbe59cb3d2baf277
2026-03-13T17:35:22Z,Cointelegraph,BTC,Here’s what happened in crypto today,https://cointelegraph.com/news/what-happened-in-crypto-today?utm_source=rss_feed&utm_medium=rss&utm_campaign=rss_partner_inbound,0.0,d2821cec0056a7e10af9203ce051daba
2026-03-13T17:35:22Z,Cointelegraph,ALL,Crypto millionaire’s Nevis project offers residents $100 a month: FT,https://cointelegraph.com/news/bitcoiner-accused-bribery-nevis-residents?utm_source=rss_feed&utm_medium=rss&utm_campaign=rss_partner_inbound,-0.0516,ec29c02512b154b71c5bdb294dea6988
2026-03-13T17:35:22Z,Cointelegraph,ALL,DOJ and Europol take down SocksEscort network tied to crypto fraud,https://cointelegraph.com/news/doj-europol-dismantle-socks-escort-proxy-network?utm_source=rss_feed&utm_medium=rss&utm_campaign=rss_partner_inbound,-0.8225,47ba196c91b8165ce581d1ea41467917
2026-03-13T17:35:22Z,Cointelegraph,ALL,Yield-bearing stablecoins surge as Washington fights over yield,https://cointelegraph.com/news/yield-bearing-stablecoins-surge-washington-fights-over-yield?utm_source=rss_feed&utm_medium=rss&utm_campaign=rss_partner_inbound,-0.5719,65e37ce03482b8fa8771225a0134f8ad
2026-03-13T17:35:22Z,Cointelegraph,ALL,"UK central bank is warming up to stablecoins, but says industry input is lacking",https://cointelegraph.com/news/uk-central-bank-stablecoin-industry-input-lacking?utm_source=rss_feed&utm_medium=rss&utm_campaign=rss_partner_inbound,0.7227,0b91ac86ceafbf08aa1d8c7e6357e318
2026-03-13T17:35:22Z,Cointelegraph,ALL,Prediction markets will scale as far as their resolution infrastructure allows,https://cointelegraph.com/news/prediction-markets-scale-resolution-infrastructure?utm_source=rss_feed&utm_medium=rss&utm_campaign=rss_partner_inbound,0.0,7cd8e435c7b855943409ce2c45eed106
2026-03-13T17:35:22Z,Cointelegraph,ALL,Here’s why XRP bulls see an ‘explosive run’ to $2.55 next,https://cointelegraph.com/news/here-s-why-xrp-bulls-see-an-explosive-run-to-2-55?utm_source=rss_feed&utm_medium=rss&utm_campaign=rss_partner_inbound,0.2023,97a1f49dfe9debd2bccd847fbde9ed1d
2026-03-13T17:35:22Z,Cointelegraph,ALL,"HSBC, Standard Chartered tipped for first Hong Kong stablecoin licenses: Report",https://cointelegraph.com/news/hsbc-standard-chartered-hong-kong-stablecoin-report?utm_source=rss_feed&utm_medium=rss&utm_campaign=rss_partner_inbound,0.4215,3303a820ea2ca85ac1ef91de5af9d4cd
2026-03-13T17:35:22Z,Cointelegraph,ALL,Token2049 postpones Dubai event to 2027 amid regional uncertainty,https://cointelegraph.com/news/crypto-conference-token2049-postpones-dubai-event-to-2027?utm_source=rss_feed&utm_medium=rss&utm_campaign=rss_partner_inbound,-0.7906,24b13c12bec3bef12dd35f4f9d482d2b
2026-03-13T17:35:22Z,Cointelegraph,BTC,Bitcoin ‘passing geopolitical stress test’ as BTC price spikes above $72K,https://cointelegraph.com/news/bitcoin-passing-geopolitical-stress-test-btc-price-spikes-above-72k?utm_source=rss_feed&utm_medium=rss&utm_campaign=rss_partner_inbound,-0.5994,1049200adc86ede13549635ac5692e0a
2026-03-13T17:35:22Z,Cointelegraph,ALL,Sweden probes reported leak of e-government platform source code,https://cointelegraph.com/news/sweden-e-government-source-code-leak-cgi-sverige?utm_source=rss_feed&utm_medium=rss&utm_campaign=rss_partner_inbound,-0.7579,68d459a5b3e5fbf9462cf19ddc485340
2026-03-13T17:35:22Z,Cointelegraph,ALL,China’s Alibaba joins stablecoin platform MetaComp’s $35M fundraise,https://cointelegraph.com/news/alibaba-35-million-raise-stablecoin-platform-metacomp?utm_source=rss_feed&utm_medium=rss&utm_campaign=rss_partner_inbound,0.5106,eadd49333bfb0e710a4eceb24bd63dd5
2026-03-13T17:35:22Z,Cointelegraph,BTC,Bitcoin's 'extremely precise' macro signal puts $100K target back in play,https://cointelegraph.com/news/bitcoin-extremely-precise-macro-signal-100k-target-back-in-play?utm_source=rss_feed&utm_medium=rss&utm_campaign=rss_partner_inbound,0.5859,146112bc526d4b681bc6de117b4e4b32
2026-03-13T17:35:22Z,Cointelegraph,ALL,Vitalik distances himself from nonprofit backed by SHIB donation,https://cointelegraph.com/news/vitalik-buterin-future-of-life-institute-shib-donation?utm_source=rss_feed&utm_medium=rss&utm_campaign=rss_partner_inbound,-0.25,006f126b0ab7de5fbd662bc583930493
2026-03-13T17:35:22Z,Cointelegraph,BTC,Crypto miners must put their Bitcoin to work to survive: Wintermute,https://cointelegraph.com/news/crypto-miners-put-assets-to-work-to-survive-wintermute?utm_source=rss_feed&utm_medium=rss&utm_campaign=rss_partner_inbound,0.7184,94443cf9fc4dc2ad77c15d38c6e74dee
2026-03-13T17:35:22Z,Cointelegraph,BTC,Bitcoin advocate group to fight Basel’s ‘toxic’ treatment of cryptocurrency,https://cointelegraph.com/news/bitcoin-toxic-asset-basel-framework-federal-reserve-policy-institute?utm_source=rss_feed&utm_medium=rss&utm_campaign=rss_partner_inbound,-0.3818,078e8706c9e0ee5723c7e4f132eab232
2026-03-13T17:35:22Z,Cointelegraph,ALL,"Eightco lands $125M from Bitmine, ARK as Tom Lee joins board",https://cointelegraph.com/news/eightco-125-million-bitmine-ark-tom-lee-joins-board?utm_source=rss_feed&utm_medium=rss&utm_campaign=rss_partner_inbound,0.34,984811af01058d18ef670a4491625d5f
2026-03-13T17:35:22Z,Cointelegraph,BNB,Democrats say they will oversee reported DOJ probe into Binance,https://cointelegraph.com/news/democrats-oversee-doj-probe-binance?utm_source=rss_feed&utm_medium=rss&utm_campaign=rss_partner_inbound,0.6908,b07cd9ccff4b0f682e8aa6c0fee6350d
2026-03-13T17:35:22Z,Cointelegraph,ALL,MEV bot makes $10M in $50M crypto swap gone wrong,https://cointelegraph.com/news/mev-bot-makes-10-million-in-crypto-swap-gone-wrong?utm_source=rss_feed&utm_medium=rss&utm_campaign=rss_partner_inbound,-0.891,53e549334e89a35c3467e34c52773e75
2026-03-13T17:35:22Z,Cointelegraph,ALL,US Treasury sanctions enablers of North Korea IT worker fraud ring,https://cointelegraph.com/news/us-treasury-sanctions-north-korea-it-worker-crypto-fraud-network?utm_source=rss_feed&utm_medium=rss&utm_campaign=rss_partner_inbound,-0.7184,fe7a2812cbb73b4d65c07b9b42f39045
2026-03-13T17:35:22Z,Cointelegraph,ALL,Trump offers memecoin holders another gala to boost token from lows,https://cointelegraph.com/news/donald-trump-memecoin-holders-annual-dinner-price-low?utm_source=rss_feed&utm_medium=rss&utm_campaign=rss_partner_inbound,0.5574,e1eaa024d12bc7397149a89b5dd6877e
2026-03-13T17:35:22Z,Cointelegraph,ETH,BlackRock’s staked Ethereum ETF sees $15.5M volume on debut,https://cointelegraph.com/news/blackrock-staked-ether-etf-ethb-15-million-debut-volume?utm_source=rss_feed&utm_medium=rss&utm_campaign=rss_partner_inbound,0.7506,83a484bff187c40773dc358431e518a0
2026-03-13T17:35:22Z,Cointelegraph,ALL,US Senate leader doesn’t expect market structure to pass before April: Report,https://cointelegraph.com/news/us-senate-thune-crypto-market-structure-april?utm_source=rss_feed&utm_medium=rss&utm_campaign=rss_partner_inbound,0.7531,62c6252fd274857c6be99f2f5ba8671f
2026-03-13T17:35:22Z,Cointelegraph,ALL,"SEC’s ‘Crypto Mom’ calls for simpler disclosure rules, flags tokenization debate",https://cointelegraph.com/news/sec-crypto-mom-simpler-disclosure-rules-flags-tokenization-debate?utm_source=rss_feed&utm_medium=rss&utm_campaign=rss_partner_inbound,0.6908,026f7d28c36aab12b891a090d9bc6091
2026-03-13T17:35:22Z,Cointelegraph,ETH,Anchorage Digital ties in Puffer Finance for institutional Ethereum restaking,https://cointelegraph.com/news/anchorage-digital-integrates-puffer-finance-to-offer-institutional-ethereum-restaking?utm_source=rss_feed&utm_medium=rss&utm_campaign=rss_partner_inbound,0.0,07306ddc73e06b95c29d8075b9ce82d1
